Year,Funding_Source,Experiment,location ,ID,Trt_code,Treatment,Lodging_at_harvest,Height1,Height2,Height3,Height4,Height5,Dry_seedheads(g),Threshed_grain_plot_yield(g),Threshed_grain_yield(kg/ha),Seedhead_in_bag(g),bag_tare(g)
2018,Forever Green,IWG N,RSMT R-100,101,4,100 fall,,,,,,,65.8,29.8,323.4600237,,
2018,Forever Green,IWG N,RSMT R-100,102,5,120 fall,,,,,,,82.4,41.7,452.6269458,,
2018,Forever Green,IWG N,RSMT R-100,103,6,80 fall split,,,,,,,64.3,25.5,276.7862618,,
2018,Forever Green,IWG N,RSMT R-100,104,12,100 spring,,,,,,,131.1,40.3,437.4308374,,
2018,Forever Green,IWG N,RSMT R-100,105,11,80 spring,,,,,,,123.3,45.6,494.9589624,,
2018,Forever Green,IWG N,RSMT R-100,106,17,120 spring split,,,,,,,143.5,44.5,483.0191628,,
2018,Forever Green,IWG N,RSMT R-100,107,15,80 spring split,,,,,,,154.9,49.3,535.1201062,,
2018,Forever Green,IWG N,RSMT R-100,108,7,100 fall split,,,,,,,165.7,61.7,669.71421,,
2018,Forever Green,IWG N,RSMT R-100,109,16,100 spring split,,,,,,,144.4,41.3,448.2852006,,
2018,Forever Green,IWG N,RSMT R-100,110,3,80 fall,,,,,,,98.9,34.8,377.7318397,,
2018,Forever Green,IWG N,RSMT R-100,111,9,140 fall split,,,,,,,133.2,43.3,469.993927,,
2018,Forever Green,IWG N,RSMT R-100,112,18,140 spring split,,,,,,,160,64.1,695.7646817,,
2018,Forever Green,IWG N,RSMT R-100,113,14,140 spring,,,,,,,247.7,95.6,1037.677123,,
2018,Forever Green,IWG N,RSMT R-100,114,8,120 fall split,,,,,,,184,64.6,701.1918634,,
2018,Forever Green,IWG N,RSMT R-100,115,2,60 fall,,,,,,,137.6,47.2,512.3259435,,
2018,Forever Green,IWG N,RSMT R-100,116,1,control,,,,,,,168.5,53,575.2812501,,
2018,Forever Green,IWG N,RSMT R-100,117,10,60 spring,,,,,,,156,53.6,581.793868,,
2018,Forever Green,IWG N,RSMT R-100,118,13,120 spring,,,,,,,241.2,71.3,773.9160969,,
2018,Forever Green,IWG N,RSMT R-100,201,1,control,,,,,,,126.7,50.7,550.3162147,,
2018,Forever Green,IWG N,RSMT R-100,202,15,80 spring split,,,,,,,212.5,75.3,817.3335497,,
2018,Forever Green,IWG N,RSMT R-100,203,6,80 fall split,,,,,,,97.1,39.2,425.4910378,,
2018,Forever Green,IWG N,RSMT R-100,204,12,100 spring,,,,,,,182.4,54.8,594.8191039,,
2018,Forever Green,IWG N,RSMT R-100,205,11,80 spring,,,,,,,142.8,38,412.465802,,
2018,Forever Green,IWG N,RSMT R-100,206,16,100 spring split,,,,,,,154.5,51,553.5725237,,
2018,Forever Green,IWG N,RSMT R-100,207,3,80 fall,,,,,,,130.4,55.9,606.7589034,,
2018,Forever Green,IWG N,RSMT R-100,208,13,120 spring,,,,,,,157.8,50.9,552.4870874,,
2018,Forever Green,IWG N,RSMT R-100,209,14,140 spring,,,,,,,110,14.9,161.7300118,,
2018,Forever Green,IWG N,RSMT R-100,210,5,120 fall,,,,,,,153.1,64.4,699.0209907,,
2018,Forever Green,IWG N,RSMT R-100,211,18,140 spring split,,,,,,,168.3,53.5,580.7084317,,
2018,Forever Green,IWG N,RSMT R-100,212,7,100 fall split,,,,,,,141,52.2,566.5977596,,
2018,Forever Green,IWG N,RSMT R-100,213,4,100 fall,,,,,,,136.5,51,553.5725237,,
2018,Forever Green,IWG N,RSMT R-100,214,8,120 fall split,,,,,,,192,32.8,356.0231133,,
2018,Forever Green,IWG N,RSMT R-100,215,9,140 fall split,,,,,,,126.7,40.3,437.4308374,,
2018,Forever Green,IWG N,RSMT R-100,216,2,60 fall,,,,,,,99.3,43.7,474.3356723,,
2018,Forever Green,IWG N,RSMT R-100,217,17,120 spring split,,,,,,,113.3,80.7,875.947111,,
2018,Forever Green,IWG N,RSMT R-100,218,10,60 spring,,,,,,,206,70,759.8054247,,
2018,Forever Green,IWG N,RSMT R-100,301,7,100 fall split,,,,,,,182,80.3,871.6053657,,
2018,Forever Green,IWG N,RSMT R-100,302,11,80 spring,,,,,,,185.3,45.8,497.129835,,
2018,Forever Green,IWG N,RSMT R-100,303,8,120 fall split,,,,,,,222.6,67.2,729.4132077,,
2018,Forever Green,IWG N,RSMT R-100,304,13,120 spring,,,,,,,160.9,39.1,424.4056015,,
2018,Forever Green,IWG N,RSMT R-100,305,2,60 fall,,,,,,,174.6,59.2,642.578302,,
2018,Forever Green,IWG N,RSMT R-100,306,16,100 spring split,,,,,,,177.6,37.4,405.953184,,
2018,Forever Green,IWG N,RSMT R-100,307,5,120 fall,,,,,,,143.7,68.9,747.8656252,,
2018,Forever Green,IWG N,RSMT R-100,308,3,80 fall,,,,,,,149.9,57.9,628.4676298,,
2018,Forever Green,IWG N,RSMT R-100,309,17,120 spring split,,,,,,,134.1,22.5,244.2231722,,
2018,Forever Green,IWG N,RSMT R-100,310,14,140 spring,,,,,,,149.7,41.2,447.1997642,,
2018,Forever Green,IWG N,RSMT R-100,311,6,80 fall split,,,,,,,161.4,64.1,695.7646817,,
2018,Forever Green,IWG N,RSMT R-100,312,15,80 spring split,,,,,,,159,62.7,680.5685733,,
2018,Forever Green,IWG N,RSMT R-100,313,1,control,,,,,,,132.9,53.2,577.4521228,,
2018,Forever Green,IWG N,RSMT R-100,314,4,100 fall,,,,,,,180.6,72.1,782.5995874,,
2018,Forever Green,IWG N,RSMT R-100,315,10,60 spring,,,,,,,210.7,85.1,923.7063092,,
2018,Forever Green,IWG N,RSMT R-100,316,18,140 spring split,,,,,,,187.8,61.7,669.71421,,
2018,Forever Green,IWG N,RSMT R-100,317,9,140 fall split,,,,,,,193.1,75.4,818.418986,,
2018,Forever Green,IWG N,RSMT R-100,318,12,100 spring,,,,,,,178.5,61.3,665.3724648,,
2018,Forever Green,IWG N,Staples,401,10,60 spring,,,,,,,183.4,84.6,1011.2896,,
2018,Forever Green,IWG N,Staples,402,4,100 fall,,,,,,,109.2,48.9,584.5397333,,
2018,Forever Green,IWG N,Staples,403,7,100 fall split,,,,,,,165.7,73.5,878.6026667,,
2018,Forever Green,IWG N,Staples,404,16,100 spring split,,,,,,,149.9,59,705.2728889,,
2018,Forever Green,IWG N,Staples,405,11,80 spring,,,,,,,198,91.4,1092.575289,,
2018,Forever Green,IWG N,Staples,406,3,80 fall,,,,,,,87.6,38.3,457.8296889,,
2018,Forever Green,IWG N,Staples,407,2,60 fall,,,,,,,103.7,41.9,500.8632889,,
2018,Forever Green,IWG N,Staples,408,1,control,,,,,,,92.9,40.8,487.7141333,,
2018,Forever Green,IWG N,Staples,409,13,120 spring,,,,,,,180.1,67,800.9031111,,
2018,Forever Green,IWG N,Staples,410,8,120 fall split,,,,,,,189.3,83,992.1635556,,
2018,Forever Green,IWG N,Staples,411,17,120 spring split,,,,,,,216.1,97.9,1170.274844,,
2018,Forever Green,IWG N,Staples,412,18,140 spring split,,,,,,,139,63.5,759.0648889,,
2018,Forever Green,IWG N,Staples,413,9,140 fall split,,,,,,,186.5,77.8,930.0039111,,
2018,Forever Green,IWG N,Staples,414,12,100 spring,,,,,,,195.1,92.7,1108.1152,,
2018,Forever Green,IWG N,Staples,415,15,80 spring split,,,,,,,183.3,73.8,882.1888,,
2018,Forever Green,IWG N,Staples,416,14,140 spring,,,,,,,213.6,94,1123.655111,,
2018,Forever Green,IWG N,Staples,417,5,120 fall,,,,,,,89.7,42.7,510.4263111,,
2018,Forever Green,IWG N,Staples,418,6,80 fall split,,,,,,,111.7,53.8,643.1132444,,
2018,Forever Green,IWG N,Staples,501,4,100 fall,,,,,,,106.8,47.5,567.8044444,,
2018,Forever Green,IWG N,Staples,502,8,120 fall split,,,,,,,172.2,60.1,718.4220444,,
2018,Forever Green,IWG N,Staples,503,11,80 spring,,,,,,,143.1,79.2,946.7392,,
2018,Forever Green,IWG N,Staples,504,17,120 spring split,,,,,,,134,57.8,690.9283556,,
2018,Forever Green,IWG N,Staples,505,15,80 spring split,,,,,,,192,84.4,1008.898844,,
2018,Forever Green,IWG N,Staples,506,10,60 spring,,,,,,,200.8,88,1051.932444,,
2018,Forever Green,IWG N,Staples,507,7,100 fall split,,,,,,,110.4,46.8,559.4368,,
2018,Forever Green,IWG N,Staples,508,9,140 fall split,,,,,,,158.2,68.4,817.6384,,
2018,Forever Green,IWG N,Staples,509,13,120 spring,,,,,,,138.9,56.5,675.3884444,,
2018,Forever Green,IWG N,Staples,510,14,140 spring,,,,,,,135.1,65,776.9955556,,
2018,Forever Green,IWG N,Staples,511,3,80 fall,,,,,,,95.1,40.7,486.5187556,,
2018,Forever Green,IWG N,Staples,512,18,140 spring split,,,,,,,188.3,74.3,888.1656889,,
2018,Forever Green,IWG N,Staples,513,5,120 fall,,,,,,,70.6,31.4,375.3486222,,
2018,Forever Green,IWG N,Staples,514,6,80 fall split,,,,,,,113.1,41.4,494.8864,,
2018,Forever Green,IWG N,Staples,515,2,60 fall,,,,,,,65.8,32.4,387.3024,,
2018,Forever Green,IWG N,Staples,516,12,100 spring,,,,,,,171.9,74,884.5795556,,
2018,Forever Green,IWG N,Staples,517,1,control,,,,,,,58.4,26.8,320.3612444,,
2018,Forever Green,IWG N,Staples,518,16,100 spring split,,,,,,,167.8,72.3,864.2581333,,
2018,Forever Green,IWG N,Staples,601,16,100 spring split,,,,,,,139.1,59.6,712.4451556,,
2018,Forever Green,IWG N,Staples,602,14,140 spring,,,,,,,119.4,52.1,622.7918222,,
2018,Forever Green,IWG N,Staples,603,17,120 spring split,,,,,,,122.7,58.5,699.296,,
2018,Forever Green,IWG N,Staples,604,5,120 fall,,,,,,,44.7,18.4,219.9495111,,
2018,Forever Green,IWG N,Staples,605,1,control,,,,,,,49.5,22,262.9831111,,
2018,Forever Green,IWG N,Staples,606,9,140 fall split,,,,,,,116.1,40.2,480.5418667,,
2018,Forever Green,IWG N,Staples,607,11,80 spring,,,,,,,146,56.5,675.3884444,,
2018,Forever Green,IWG N,Staples,608,13,120 spring,,,,,,,195.3,84.8,1013.680356,,
2018,Forever Green,IWG N,Staples,609,12,100 spring,,,,,,,173.6,83.5,998.1404444,,
2018,Forever Green,IWG N,Staples,610,3,80 fall,,,,,,,88.6,45.7,546.2876444,,
2018,Forever Green,IWG N,Staples,611,7,100 fall split,,,,,,,143.1,55.4,662.2392889,,
2018,Forever Green,IWG N,Staples,612,4,100 fall,,,,,,,90.2,42.6,509.2309333,,
2018,Forever Green,IWG N,Staples,613,2,60 fall,,,,,,,74,29.4,351.4410667,,
2018,Forever Green,IWG N,Staples,614,8,120 fall split,,,,,,,124.4,43.8,523.5754667,,
2018,Forever Green,IWG N,Staples,615,6,80 fall split,,,,,,,73.6,35.7,426.7498667,,
2018,Forever Green,IWG N,Staples,616,15,80 spring split,,,,,,,103.3,39.1,467.3927111,,
2018,Forever Green,IWG N,Staples,617,10,60 spring,,,,,,,74.2,33.4,399.2561778,,
2018,Forever Green,IWG N,Staples,618,18,140 spring split,,,,,,,102,38.5,460.2204444,,
2019,Forever Green,IWG N,RSMT R-100,101,4,100 fall,,,,,,,72,25.4,408.2288,,
2019,Forever Green,IWG N,RSMT R-100,102,5,120 fall,,,,,,,27.6,11.8,189.6496,,
2019,Forever Green,IWG N,RSMT R-100,103,6,80 fall split,,,,,,,23.7,8.6,138.2192,,
2019,Forever Green,IWG N,RSMT R-100,104,12,100 spring,,,,,,,37.5,12.6,202.5072,,
2019,Forever Green,IWG N,RSMT R-100,105,11,80 spring,,,,,,,40.5,10.4,167.1488,,
2019,Forever Green,IWG N,RSMT R-100,106,17,120 spring split,,,,,,,36.9,16.8,270.0096,,
2019,Forever Green,IWG N,RSMT R-100,107,15,80 spring split,,,,,,,32.2,1.2,19.2864,,
2019,Forever Green,IWG N,RSMT R-100,108,7,100 fall split,,,,,,,37.9,9.6,154.2912,,
2019,Forever Green,IWG N,RSMT R-100,109,16,100 spring split,,,,,,,21,5.2,83.5744,,
2019,Forever Green,IWG N,RSMT R-100,110,3,80 fall,,,,,,,27.3,7.6,122.1472,,
2019,Forever Green,IWG N,RSMT R-100,111,9,140 fall split,,,,,,,16,5.8,93.2176,,
2019,Forever Green,IWG N,RSMT R-100,112,18,140 spring split,,,,,,,69.4,23.2,372.8704,,
2019,Forever Green,IWG N,RSMT R-100,113,14,140 spring,,,,,,,23.3,1.2,19.2864,,
2019,Forever Green,IWG N,RSMT R-100,114,8,120 fall split,,,,,,,11.9,1.6,25.7152,,
2019,Forever Green,IWG N,RSMT R-100,115,2,60 fall,,,,,,,21.8,3.8,61.0736,,
2019,Forever Green,IWG N,RSMT R-100,116,1,control,,,,,,,35.6,16.2,260.3664,,
2019,Forever Green,IWG N,RSMT R-100,117,10,60 spring,,,,,,,61.8,16.8,270.0096,,
2019,Forever Green,IWG N,RSMT R-100,118,13,120 spring,,,,,,,51.5,14.2,228.2224,,
2019,Forever Green,IWG N,RSMT R-100,201,1,control,,,,,,,48.7,19.8,318.2256,,
2019,Forever Green,IWG N,RSMT R-100,202,15,80 spring split,,,,,,,8.5,1.4,22.5008,,
2019,Forever Green,IWG N,RSMT R-100,203,6,80 fall split,,,,,,,27.8,5,80.36,,
2019,Forever Green,IWG N,RSMT R-100,204,12,100 spring,,,,,,,23.7,2.2,35.3584,,
2019,Forever Green,IWG N,RSMT R-100,205,11,80 spring,,,,,,,52,4,64.288,,
2019,Forever Green,IWG N,RSMT R-100,206,16,100 spring split,,,,,,,30.6,3,48.216,,
2019,Forever Green,IWG N,RSMT R-100,207,3,80 fall,,,,,,,42.8,3.4,54.6448,,
2019,Forever Green,IWG N,RSMT R-100,208,13,120 spring,,,,,,,36.4,1.6,25.7152,,
2019,Forever Green,IWG N,RSMT R-100,209,14,140 spring,,,,,,,22,1.8,28.9296,,
2019,Forever Green,IWG N,RSMT R-100,210,5,120 fall,,,,,,,97.5,3.6,57.8592,,
2019,Forever Green,IWG N,RSMT R-100,211,18,140 spring split,,,,,,,15,3,48.216,,
2019,Forever Green,IWG N,RSMT R-100,212,7,100 fall split,,,,,,,12.6,0.4,6.4288,,
2019,Forever Green,IWG N,RSMT R-100,213,4,100 fall,,,,,,,24.2,1,16.072,,
2019,Forever Green,IWG N,RSMT R-100,214,8,120 fall split,,,,,,,19.8,2.2,35.3584,,
2019,Forever Green,IWG N,RSMT R-100,215,9,140 fall split,,,,,,,35.7,3.6,57.8592,,
2019,Forever Green,IWG N,RSMT R-100,216,2,60 fall,,,,,,,26.1,5.4,86.7888,,
2019,Forever Green,IWG N,RSMT R-100,217,17,120 spring split,,,,,,,74.9,4.4,70.7168,,
2019,Forever Green,IWG N,RSMT R-100,218,10,60 spring,,,,,,,39.5,7.8,125.3616,,
2019,Forever Green,IWG N,RSMT R-100,301,7,100 fall split,,,,,,,43.3,4.4,70.7168,,
2019,Forever Green,IWG N,RSMT R-100,302,11,80 spring,,,,,,,13.5,2.4,38.5728,,
2019,Forever Green,IWG N,RSMT R-100,303,8,120 fall split,,,,,,,68.2,5.4,86.7888,,
2019,Forever Green,IWG N,RSMT R-100,304,13,120 spring,,,,,,,27.1,3.8,61.0736,,
2019,Forever Green,IWG N,RSMT R-100,305,2,60 fall,,,,,,,43,6.6,106.0752,,
2019,Forever Green,IWG N,RSMT R-100,306,16,100 spring split,,,,,,,40,6,96.432,,
2019,Forever Green,IWG N,RSMT R-100,307,5,120 fall,,,,,,,46,4,64.288,,
2019,Forever Green,IWG N,RSMT R-100,308,3,80 fall,,,,,,,92,5.4,86.7888,,
2019,Forever Green,IWG N,RSMT R-100,309,17,120 spring split,,,,,,,36.7,3.6,57.8592,,
2019,Forever Green,IWG N,RSMT R-100,310,14,140 spring,,,,,,,54.1,12.2,196.0784,,
2019,Forever Green,IWG N,RSMT R-100,311,6,80 fall split,,,,,,,14.3,1.2,19.2864,,
2019,Forever Green,IWG N,RSMT R-100,312,15,80 spring split,,,,,,,21.2,1.6,25.7152,,
2019,Forever Green,IWG N,RSMT R-100,313,1,control,,,,,,,40.5,17.6,282.8672,,
2019,Forever Green,IWG N,RSMT R-100,314,4,100 fall,,,,,,,19.9,4.2,67.5024,,
2019,Forever Green,IWG N,RSMT R-100,315,10,60 spring,,,,,,,34.4,7,112.504,,
2019,Forever Green,IWG N,RSMT R-100,316,18,140 spring split,,,,,,,28.2,2,32.144,,
2019,Forever Green,IWG N,RSMT R-100,317,9,140 fall split,,,,,,,27.3,3.8,61.0736,,
2019,Forever Green,IWG N,RSMT R-100,318,12,100 spring,,,,,,,20,4.4,70.7168,,
2019,Forever Green,IWG N,Staples,401,10,60 spring,,,,,,,43.1,20.2,543.2992,,
2019,Forever Green,IWG N,Staples,402,4,100 fall,,,,,,,76.1,29.4,790.7424,,
2019,Forever Green,IWG N,Staples,403,7,100 fall split,,,,,,,56.1,21.2,570.1952,,
2019,Forever Green,IWG N,Staples,404,16,100 spring split,,,,,,,46.7,22,591.712,,
2019,Forever Green,IWG N,Staples,405,11,80 spring,,,,,,,52.4,22.4,602.4704,,
2019,Forever Green,IWG N,Staples,406,3,80 fall,,,,,,,73.1,36.8,989.7728,,
2019,Forever Green,IWG N,Staples,407,2,60 fall,,,,,,,49,24.4,656.2624,,
2019,Forever Green,IWG N,Staples,408,1,control,,,,,,,29,19.4,521.7824,,
2019,Forever Green,IWG N,Staples,409,13,120 spring,,,,,,,30.8,14.2,381.9232,,
2019,Forever Green,IWG N,Staples,410,8,120 fall split,,,,,,,41.7,20.4,548.6784,,
2019,Forever Green,IWG N,Staples,411,17,120 spring split,,,,,,,53,18.8,505.6448,,
2019,Forever Green,IWG N,Staples,412,18,140 spring split,,,,,,,18,8.6,231.3056,,
2019,Forever Green,IWG N,Staples,413,9,140 fall split,,,,,,,35.6,14.6,392.6816,,
2019,Forever Green,IWG N,Staples,414,12,100 spring,,,,,,,31.8,18,484.128,,
2019,Forever Green,IWG N,Staples,415,15,80 spring split,,,,,,,37.9,18.2,489.5072,,
2019,Forever Green,IWG N,Staples,416,14,140 spring,,,,,,,35.9,17.2,462.6112,,
2019,Forever Green,IWG N,Staples,417,5,120 fall,,,,,,,59.7,29.4,790.7424,,
2019,Forever Green,IWG N,Staples,418,6,80 fall split,,,,,,,59.6,30.2,812.2592,,
2019,Forever Green,IWG N,Staples,501,4,100 fall,,,,,,,34,18.2,489.5072,,
2019,Forever Green,IWG N,Staples,502,8,120 fall split,,,,,,,53.3,21.4,575.5744,,
2019,Forever Green,IWG N,Staples,503,11,80 spring,,,,,,,46.3,15.4,414.1984,,
2019,Forever Green,IWG N,Staples,504,17,120 spring split,,,,,,,20.1,8.2,220.5472,,
2019,Forever Green,IWG N,Staples,505,15,80 spring split,,,,,,,35.4,16.6,446.4736,,
2019,Forever Green,IWG N,Staples,506,10,60 spring,,,,,,,26.6,13,349.648,,
2019,Forever Green,IWG N,Staples,507,7,100 fall split,,,,,,,46,25.6,688.5376,,
2019,Forever Green,IWG N,Staples,508,9,140 fall split,,,,,,,28.7,13.8,371.1648,,
2019,Forever Green,IWG N,Staples,509,13,120 spring,,,,,,,33.5,17.8,478.7488,,
2019,Forever Green,IWG N,Staples,510,14,140 spring,,,,,,,18.4,8.4,225.9264,,
2019,Forever Green,IWG N,Staples,511,3,80 fall,,,,,,,46.8,20.2,543.2992,,
2019,Forever Green,IWG N,Staples,512,18,140 spring split,,,,,,,16.6,7.2,193.6512,,
2019,Forever Green,IWG N,Staples,513,5,120 fall,,,,,,,57.3,29.8,801.5008,,
2019,Forever Green,IWG N,Staples,514,6,80 fall split,,,,,,,56.7,23.6,634.7456,,
2019,Forever Green,IWG N,Staples,515,2,60 fall,,,,,,,53.9,27.4,736.9504,,
2019,Forever Green,IWG N,Staples,516,12,100 spring,,,,,,,33,11.8,317.3728,,
2019,Forever Green,IWG N,Staples,517,1,control,,,,,,,3.5,2,53.792,,
2019,Forever Green,IWG N,Staples,518,16,100 spring split,,,,,,,30.3,14.6,392.6816,,
2019,Forever Green,IWG N,Staples,601,16,100 spring split,,,,,,,47.2,20.4,548.6784,,
2019,Forever Green,IWG N,Staples,602,14,140 spring,,,,,,,49.1,20.8,559.4368,,
2019,Forever Green,IWG N,Staples,603,17,120 spring split,,,,,,,35.5,14,376.544,,
2019,Forever Green,IWG N,Staples,604,5,120 fall,,,,,,,38.9,20.8,559.4368,,
2019,Forever Green,IWG N,Staples,605,1,control,,,,,,,9.8,5,134.48,,
2019,Forever Green,IWG N,Staples,606,9,140 fall split,,,,,,,36.5,18,484.128,,
2019,Forever Green,IWG N,Staples,607,11,80 spring,,,,,,,53.5,28.2,758.4672,,
2019,Forever Green,IWG N,Staples,608,13,120 spring,,,,,,,37.2,18,484.128,,
2019,Forever Green,IWG N,Staples,609,12,100 spring,,,,,,,55.1,28.4,763.8464,,
2019,Forever Green,IWG N,Staples,610,3,80 fall,,,,,,,61.3,26.8,720.8128,,
2019,Forever Green,IWG N,Staples,611,7,100 fall split,,,,,,,59.5,23.6,634.7456,,
2019,Forever Green,IWG N,Staples,612,4,100 fall,,,,,,,43,19.4,521.7824,,
2019,Forever Green,IWG N,Staples,613,2,60 fall,,,,,,,71.4,34.2,919.8432,,
2019,Forever Green,IWG N,Staples,614,8,120 fall split,,,,,,,60,29,779.984,,
2019,Forever Green,IWG N,Staples,615,6,80 fall split,,,,,,,65.1,27,726.192,,
2019,Forever Green,IWG N,Staples,616,15,80 spring split,,,,,,,34.5,17.4,467.9904,,
2019,Forever Green,IWG N,Staples,617,10,60 spring,,,,,,,33.8,17.8,478.7488,,
2019,Forever Green,IWG N,Staples,618,18,140 spring split,,,,,,,25.6,12.4,333.5104,,
2019,,N rate timing,RSMT V17,101,4,control,,,,,,,87.7,39,786.708,,
2019,,N rate timing,RSMT V17,102,1,80 Fall,,,,,,,106.8,39.8,802.8456,,
2019,,N rate timing,RSMT V17,103,3,80 Spring,,,,,,,136.1,41.4,835.1208,,
2019,,N rate timing,RSMT V17,104,2,80 Split,,,,,,,90.7,22.2,447.8184,,
2019,,N rate timing,RSMT V17,201,3,80 Spring,,,,,,,70.3,25.2,508.3344,,
2019,,N rate timing,RSMT V17,202,2,80 Split,,,,,,,115.4,43.4,875.4648,,
2019,,N rate timing,RSMT V17,203,4,control,,,,,,,83.7,35.8,722.1576,,
2019,,N rate timing,RSMT V17,204,1,80 Fall,,,,,,,116.8,31.8,641.4696,,
2019,,N rate timing,RSMT V17,301,4,control,,,,,,,54.9,21.8,439.7496,,
2019,,N rate timing,RSMT V17,302,1,80 Fall,,,,,,,105.2,39.4,794.7768,,
2019,,N rate timing,RSMT V17,303,3,80 Spring,,,,,,,85.9,30.8,621.2976,,
2019,,N rate timing,RSMT V17,304,2,80 Split,,,,,,,128.3,34.6,697.9512,,
2019,,N rate timing,RSMT V17,401,1,80 Fall,,,,,,,76.1,32.2,649.5384,,
2019,,N rate timing,RSMT V17,402,4,control,,,,,,,52.7,28.6,576.9192,,
2019,,N rate timing,RSMT V17,403,3,80 Spring,,,,,,,105.6,35,706.02,,
2019,,N rate timing,RSMT V17,404,2,80 Split,,,,,,,149,42.8,863.3616,,
2020,Forever Green,IWG N,Staples,401,10,60 spring,,,,,,,3.9,2.1,56.4816,65.7,61.8
2020,Forever Green,IWG N,Staples,402,4,100 fall,,,,,,,10.5,5.4,145.2384,72.7,62.2
2020,Forever Green,IWG N,Staples,403,7,100 fall split,,,,,,,27,10.1,271.6496,89.1,62.1
2020,Forever Green,IWG N,Staples,404,16,100 spring split,,,,,,,16.5,8.4,225.9264,78.9,62.4
2020,Forever Green,IWG N,Staples,405,11,80 spring,,,,,,,21.8,11,295.856,83.8,62
2020,Forever Green,IWG N,Staples,406,3,80 fall,,,,,,,27,13,349.648,89.1,62.1
2020,Forever Green,IWG N,Staples,407,2,60 fall,,,,,,,21.2,10.6,285.0976,83.3,62.1
2020,Forever Green,IWG N,Staples,408,1,control,,,,,,,14.6,6.6,177.5136,76.8,62.2
2020,Forever Green,IWG N,Staples,409,13,120 spring,,,,,,,14.4,7.5,201.72,76.7,62.3
2020,Forever Green,IWG N,Staples,410,8,120 fall split,,,,,,,32.3,10.5,282.408,94.3,62
2020,Forever Green,IWG N,Staples,411,17,120 spring split,,,,,,,26.5,13.8,371.1648,88.3,61.8
2020,Forever Green,IWG N,Staples,412,18,140 spring split,,,,,,,24.3,12.8,344.2688,86.5,62.2
2020,Forever Green,IWG N,Staples,413,9,140 fall split,,,,,,,20.9,9.2,247.4432,83.3,62.4
2020,Forever Green,IWG N,Staples,414,12,100 spring,,,,,,,14.9,7.5,201.72,76.9,62
2020,Forever Green,IWG N,Staples,415,15,80 spring split,,,,,,,16.1,6.7,180.2032,77.8,61.7
2020,Forever Green,IWG N,Staples,416,14,140 spring,,,,,,,12,6.2,166.7552,73.8,61.8
2020,Forever Green,IWG N,Staples,417,5,120 fall,,,,,,,25.4,11.7,314.6832,87.2,61.8
2020,Forever Green,IWG N,Staples,418,6,80 fall split,,,,,,,30.4,15.4,414.1984,92.5,62.1
2020,Forever Green,IWG N,Staples,501,4,100 fall,,,,,,,25.4,13.2,355.0272,87.7,62.3
2020,Forever Green,IWG N,Staples,502,8,120 fall split,,,,,,,25.7,12.3,330.8208,87.7,62
2020,Forever Green,IWG N,Staples,503,11,80 spring,,,,,,,6.2,3.2,86.0672,68.7,62.5
2020,Forever Green,IWG N,Staples,504,17,120 spring split,,,,,,,9.4,4.8,129.1008,71.8,62.4
2020,Forever Green,IWG N,Staples,505,15,80 spring split,,,,,,,18.8,9.3,250.1328,80.9,62.1
2020,Forever Green,IWG N,Staples,506,10,60 spring,,,,,,,12.9,6.3,169.4448,75,62.1
2020,Forever Green,IWG N,Staples,507,7,100 fall split,,,,,,,32.2,15,403.44,94.8,62.6
2020,Forever Green,IWG N,Staples,508,9,140 fall split,,,,,,,26.6,12.6,338.8896,89,62.4
2020,Forever Green,IWG N,Staples,509,13,120 spring,,,,,,,7.7,3.5,94.136,69.8,62.1
2020,Forever Green,IWG N,Staples,510,14,140 spring,,,,,,,21.4,8.6,231.3056,83.5,62.1
2020,Forever Green,IWG N,Staples,511,3,80 fall,,,,,,,46.8,23.6,634.7456,109.7,62.9
2020,Forever Green,IWG N,Staples,512,18,140 spring split,,,,,,,17,8.3,223.2368,79.7,62.7
2020,Forever Green,IWG N,Staples,513,5,120 fall,,,,,,,43.7,20.8,559.4368,106.4,62.7
2020,Forever Green,IWG N,Staples,514,6,80 fall split,,,,,,,30,14.4,387.3024,92.8,62.8
2020,Forever Green,IWG N,Staples,515,2,60 fall,,,,,,,34.2,14.9,400.7504,96.9,62.7
2020,Forever Green,IWG N,Staples,516,12,100 spring,,,,,,,13,5.9,158.6864,75.6,62.6
2020,Forever Green,IWG N,Staples,517,1,control,,,,,,,4.6,2.1,56.4816,67.5,62.9
2020,Forever Green,IWG N,Staples,518,16,100 spring split,,,,,,,17.7,7.5,201.72,79.6,61.9
2020,Forever Green,IWG N,Staples,601,16,100 spring split,,,,,,,17,8,215.168,78.6,61.6
2020,Forever Green,IWG N,Staples,602,14,140 spring,,,,,,,18.3,8.5,228.616,80,61.7
2020,Forever Green,IWG N,Staples,603,17,120 spring split,,,,,,,14.8,4.1,110.2736,76.8,62
2020,Forever Green,IWG N,Staples,604,5,120 fall,,,,,,,22.4,10.8,290.4768,84.8,62.4
2020,Forever Green,IWG N,Staples,605,1,control,,,,,,,6.9,2.8,75.3088,69.1,62.2
2020,Forever Green,IWG N,Staples,606,9,140 fall split,,,,,,,28.5,12.9,346.9584,90.9,62.4
2020,Forever Green,IWG N,Staples,607,11,80 spring,,,,,,,7,3.2,86.0672,69.6,62.6
2020,Forever Green,IWG N,Staples,608,13,120 spring,,,,,,,11.3,4.7,126.4112,74.5,63.2
2020,Forever Green,IWG N,Staples,609,12,100 spring,,,,,,,35.4,14.2,381.9232,97.7,62.3
2020,Forever Green,IWG N,Staples,610,3,80 fall,,,,,,,35.7,13,349.648,97.7,62
2020,Forever Green,IWG N,Staples,611,7,100 fall split,,,,,,,32,16,430.336,93.1,61.1
2020,Forever Green,IWG N,Staples,612,4,100 fall,,,,,,,28.1,13.8,371.1648,89.8,61.7
2020,Forever Green,IWG N,Staples,613,2,60 fall,,,,,,,30.7,15.2,408.8192,92.6,61.9
2020,Forever Green,IWG N,Staples,614,8,120 fall split,,,,,,,25.1,8.4,225.9264,86.5,61.4
2020,Forever Green,IWG N,Staples,615,6,80 fall split,,,,,,,22.3,9.3,250.1328,84.3,62
2020,Forever Green,IWG N,Staples,616,15,80 spring split,,,,,,,14.9,6.2,166.7552,76.9,62
2020,Forever Green,IWG N,Staples,617,10,60 spring,,,,,,,8.4,4.2,112.9632,70.4,62
2020,Forever Green,IWG N,Staples,618,18,140 spring split,,,,,,,17.6,7.5,201.72,79.7,62.1
2020,,N rate timing,RSMT V17,101,4,control,,,,,,,173.4,48.9,NA,235.1,61.7
2020,,N rate timing,RSMT V17,102,1,80 Fall,,,,,,,220,51.1,1030.7892,281.6,61.6
2020,,N rate timing,RSMT V17,103,3,80 Spring,,,,,,,182.2,52.2,1052.9784,243.7,61.5
2020,,N rate timing,RSMT V17,104,2,80 Split,,,,,,,238.4,66,1331.352,300.1,61.7
2020,,N rate timing,RSMT V17,201,3,80 Spring,,,,,,,184.2,53.1,1071.1332,245.9,61.7
2020,,N rate timing,RSMT V17,202,2,80 Split,,,,,,,173.7,45.5,917.826,235.5,61.8
2020,,N rate timing,RSMT V17,203,4,control,,,,,,,111.1,39.3,792.7596,173.3,62.2
2020,,N rate timing,RSMT V17,204,1,80 Fall,,,,,,,165.2,40.1,808.8972,227.2,62
2020,,N rate timing,RSMT V17,301,4,control,,,,,,,99.3,33.7,679.7964,161.3,62
2020,,N rate timing,RSMT V17,302,1,80 Fall,,,,,,,199.2,64.2,1295.0424,261,61.8
2020,,N rate timing,RSMT V17,303,3,80 Spring,,,,,,,121.5,36.6,738.2952,183.7,62.2
2020,,N rate timing,RSMT V17,304,2,80 Split,,,,,,,140.8,37.9,764.5188,203,62.2
2020,,N rate timing,RSMT V17,401,1,80 Fall,,,,,,,174.9,52.2,1052.9784,237.2,62.3
2020,,N rate timing,RSMT V17,402,4,control,,,,,,,100,37.2,750.3984,162.5,62.5
2020,,N rate timing,RSMT V17,403,3,80 Spring,,,,,,,127.2,50.4,1016.6688,189.7,62.5
2020,,N rate timing,RSMT V17,404,2,80 Split,,,,,,,151.8,50,1008.6,215.7,63.9
2020,,Bulk Field Sampling,RSMT V17,1,,,,,,,,,171.3,,0,232.6,61.3
2020,,Bulk Field Sampling,RSMT V17,2,,,,,,,,,158.9,,0,221.7,62.8
2020,,Bulk Field Sampling,RSMT V17,3,,,,,,,,,176.8,,0,240.5,63.7
2020,,Bulk Field Sampling,RSMT V17,4,,,,,,,,,149.1,,0,212,62.9
2020,,Bulk Field Sampling,RSMT V17,5,,,,,,,,,188.5,,0,251.3,62.8
2020,,Bulk Field Sampling,RSMT V17,6,,,,,,,,,201.5,,0,263.7,62.2
2020,,Bulk Field Sampling,RSMT V17,7,,,,,,,,,181.8,,0,245.5,63.7
2020,,Bulk Field Sampling,RSMT V17,8,,,,,,,,,148.2,,0,214.3,66.1
2020,,Bulk Field Sampling,RSMT V17,9,,,,,,,,,213.4,,0,277,63.6
2020,,Bulk Field Sampling,RSMT V17,10,,,,,,,,,190,,0,253.4,63.4
2021,,N rate timing,RSMT V17,101,4,control,,,,,,,18.5,6.8,137.1696,77.3,58.8
2021,,N rate timing,RSMT V17,102,1,80 Fall,,,,,,,41.4,14.1,284.4252,100.2,58.8
2021,,N rate timing,RSMT V17,103,3,80 Spring,,,,,,,57.7,17.9,361.0788,116.5,58.8
2021,,N rate timing,RSMT V17,104,2,80 Split,,,,,,,60,13.4,270.3048,118.8,58.8
2021,,N rate timing,RSMT V17,201,3,80 Spring,,,,,,,46.9,17.4,350.9928,105.7,58.8
2021,,N rate timing,RSMT V17,202,2,80 Split,,,,,,,47,19,383.268,105.8,58.8
2021,,N rate timing,RSMT V17,203,4,control,,,,,,,21.8,10.2,205.7544,80.6,58.8
2021,,N rate timing,RSMT V17,204,1,80 Fall,,,,,,,35.5,21.6,435.7152,94.3,58.8
2021,,N rate timing,RSMT V17,301,4,control,,,,,,,28.6,7.6,153.3072,87.4,58.8
2021,,N rate timing,RSMT V17,302,1,80 Fall,,,,,,,78.5,30.2,609.1944,137.3,58.8
2021,,N rate timing,RSMT V17,303,3,80 Spring,,,,,,,56.6,23.3,470.0076,115.4,58.8
2021,,N rate timing,RSMT V17,304,2,80 Split,,,,,,,48.7,19,383.268,107.5,58.8
2021,,N rate timing,RSMT V17,401,1,80 Fall,,,,,,,34.1,13.9,280.3908,92.9,58.8
2021,,N rate timing,RSMT V17,402,4,control,,,,,,,28.8,11.9,240.0468,87.6,58.8
2021,,N rate timing,RSMT V17,403,3,80 Spring,,,,,,,52.1,16.7,336.8724,110.9,58.8
2021,,N rate timing,RSMT V17,404,2,80 Split,,,,,,,33,12.4,250.1328,91.8,58.8
